{"cameraMode":{"drawMode":0,"name":"Shaded","section":"Shading Mode"},"sceneLighting":false,"audioPlay":false,"sceneViewState":{"m_AlwaysRefresh":false,"showFog":true,"showSkybox":false,"showFlares":true,"showImageEffects":true,"showParticleSystems":true,"showVisualEffectGraphs":true,"m_FxEnabled":true},"in2DMode":false,"pivot":{"x":-0.28790736198425295,"y":0.0007693767547607422,"z":0.43317532539367678},"rotation":{"x":-0.34883132576942446,"y":-0.21185623109340669,"z":0.08127301186323166,"w":-0.9093048572540283},"size":4.404860019683838,"orthographic":false}