{"cameraMode":{"drawMode":0,"name":"Shaded","section":"Shading Mode"},"sceneLighting":false,"audioPlay":false,"sceneViewState":{"m_AlwaysRefresh":false,"showFog":true,"showSkybox":false,"showFlares":true,"showImageEffects":true,"showParticleSystems":true,"showVisualEffectGraphs":true,"m_FxEnabled":true},"in2DMode":false,"pivot":{"x":-21.583452224731447,"y":1.4419424533843995,"z":31.743816375732423},"rotation":{"x":-0.5869678854942322,"y":0.18083813786506654,"z":-0.13656656444072724,"w":-0.7772532105445862},"size":1.9516314268112183,"orthographic":false}